date,product,sales_amount,quantity,region,total_revenue
2023-01-01,Tablet,551.2633963665739,8,West,4410.1071709325915
2023-01-02,Headphones,781.425625882383,1,South,781.425625882383
2023-01-03,Laptop,642.5635757279075,1,East,642.5635757279075
2023-01-04,Tablet,413.46445165063955,7,West,2894.2511615544768
2023-01-05,Tablet,365.2377992977463,8,North,2921.90239438197
2023-01-06,Headphones,573.7878757259758,3,West,1721.3636271779274
2023-01-07,Laptop,301.9650189469037,5,East,1509.8250947345184
2023-01-08,Laptop,774.7188148781531,1,North,774.7188148781531
2023-01-09,Tablet,676.916018108193,7,North,4738.412126757351
2023-01-10,Phone,429.6236521842943,5,South,2148.1182609214716
2023-01-11,Tablet,243.02982063636836,8,North,1944.2385650909468
2023-01-12,Tablet,703.0808561248119,8,North,5624.646848998495
2023-01-13,Tablet,482.8190232121073,9,West,4345.371208908966
2023-01-14,Tablet,685.6724467960192,7,East,4799.707127572135
2023-01-15,Headphones,260.83585118084494,1,South,260.83585118084494
2023-01-16,Laptop,410.0937465569341,3,West,1230.2812396708023
2023-01-17,Headphones,500.7865549577275,8,North,4006.29243966182
2023-01-18,Headphones,507.0470890647113,3,North,1521.141267194134
2023-01-19,Headphones,432.4901792781135,8,South,3459.921434224908
2023-01-20,Tablet,593.4274898521248,1,East,593.4274898521248
2023-01-21,Phone,339.85693559261085,5,South,1699.2846779630543
2023-01-22,Laptop,478.643077246806,4,West,1914.572308987224
2023-01-23,Phone,518.0443447567849,5,South,2590.2217237839245
2023-01-24,Headphones,577.1658251088123,8,North,4617.326600870499
2023-01-25,Headphones,606.7422317133335,4,West,2426.968926853334
2023-01-26,Phone,331.3036862243196,4,North,1325.2147448972785
2023-01-27,Phone,269.88287438965665,3,East,809.64862316897
2023-01-28,Phone,691.6515232847763,7,North,4841.560662993435
2023-01-29,Headphones,549.8471017969388,3,North,1649.5413053908164
2023-01-30,Headphones,387.727019516517,3,South,1163.181058549551
2023-01-31,Laptop,732.6727963283785,5,North,3663.363981641892
2023-02-01,Laptop,517.3511951439287,5,West,2586.7559757196436
2023-02-02,Headphones,676.894577609574,6,West,4061.367465657444
2023-02-03,Phone,510.12777221151634,8,East,4081.0221776921308
2023-02-04,Phone,809.1121887322981,6,West,4854.673132393789
2023-02-05,Laptop,763.3011263664807,1,South,763.3011263664807
2023-02-06,Headphones,462.655377728139,8,East,3701.243021825112
2023-02-07,Laptop,645.7356426431534,8,West,5165.885141145227
2023-02-08,Laptop,596.8063924377722,9,South,5371.257531939949
2023-02-09,Tablet,705.2947336298523,9,West,6347.652602668671
2023-02-10,Tablet,355.2614809129843,2,West,710.5229618259687
2023-02-11,Tablet,602.9077189997658,2,North,1205.8154379995317
2023-02-12,Phone,658.7636730274381,3,West,1976.2910190823145
2023-02-13,Headphones,236.18907703653286,1,West,236.18907703653286
2023-02-14,Headphones,322.51122310013375,4,South,1290.044892400535
2023-02-15,Headphones,194.11517333598493,4,South,776.4606933439397
2023-02-16,Headphones,459.58897483331634,9,North,4136.300773499847
2023-02-17,Tablet,607.6313383693944,9,West,5468.682045324549
2023-02-18,Phone,725.3535578144042,9,North,6528.182020329637
2023-02-19,Phone,511.1142170629663,7,West,3577.799519440764
2023-02-20,Tablet,744.2923318356937,2,East,1488.5846636713875
2023-02-21,Phone,292.98478126776627,5,East,1464.9239063388313
2023-02-22,Tablet,244.4926340967268,4,North,977.9705363869072
2023-02-23,Headphones,491.6678451655072,8,North,3933.3427613240574
2023-02-24,Tablet,557.6098173408961,2,North,1115.2196346817923
2023-02-25,Headphones,495.09578778588605,6,South,2970.5747267153165
2023-02-26,Headphones,189.8836849940185,5,South,949.4184249700925
2023-02-27,Laptop,486.6319940730817,2,South,973.2639881461635
2023-02-28,Tablet,304.32957492427204,1,North,304.32957492427204
2023-03-01,Laptop,600.4508823245058,8,West,4803.607058596046
2023-03-02,Tablet,554.9897369145273,2,East,1109.9794738290545
2023-03-03,Tablet,359.01803205089675,7,North,2513.1262243562774
2023-03-04,Laptop,422.91996239949594,9,South,3806.2796615954635
2023-03-05,Laptop,341.1179717166573,9,South,3070.0617454499156
2023-03-06,Tablet,490.5981354090242,8,North,3924.785083272194
2023-03-07,Phone,643.2713480751858,9,North,5789.4421326766715
2023-03-08,Headphones,352.1410930496684,2,South,704.2821860993369
2023-03-09,Laptop,575.6069773276766,6,West,3453.6418639660596
2023-03-10,Headphones,420.46135724413386,4,South,1681.8454289765355
2023-03-11,Phone,381.06907516064837,4,South,1524.2763006425935
2023-03-12,Phone,483.9454460068163,5,North,2419.7272300340815
2023-03-13,Phone,344.7136516370939,3,West,1034.1409549112818
2023-03-14,Laptop,416.9526041979227,1,South,416.9526041979227
2023-03-15,Phone,320.31831611167274,8,South,2562.546528893382
2023-03-16,Laptop,794.7087699374583,5,East,3973.5438496872916
2023-03-17,Phone,505.28953279575927,3,North,1515.8685983872779
2023-03-18,Headphones,395.04117380111217,7,East,2765.288216607785
2023-03-19,Headphones,532.0969866101333,7,East,3724.678906270933
2023-03-20,Tablet,483.15079254637556,1,South,483.15079254637556
2023-03-21,Headphones,466.85456007001653,9,North,4201.691040630149
2023-03-22,Tablet,592.1250050065138,2,West,1184.2500100130276
2023-03-23,Headphones,613.6261565070957,5,South,3068.130782535479
2023-03-24,Laptop,420.4248278584209,5,West,2102.1241392921042
2023-03-25,Headphones,413.627263903298,8,West,3309.018111226384
2023-03-26,Tablet,458.7422454272534,8,North,3669.9379634180273
2023-03-27,Tablet,154.71182528966227,7,East,1082.9827770276358
2023-03-28,Phone,272.72134067021716,7,North,1909.0493846915201
2023-03-29,Laptop,705.0311401166787,6,West,4230.186840700072
2023-03-30,Headphones,746.7451570251926,6,South,4480.470942151156
2023-03-31,Phone,462.6445940665433,9,West,4163.80134659889
2023-04-01,Headphones,586.4835444583649,6,South,3518.9012667501893
2023-04-02,Headphones,546.6875231815304,2,South,1093.3750463630608
2023-04-03,Phone,961.8321212682856,2,North,1923.6642425365712
2023-04-04,Phone,667.9362367151865,5,West,3339.6811835759327
2023-04-05,Phone,480.81236127788503,4,East,1923.2494451115401
2023-04-06,Phone,356.66893390993613,2,West,713.3378678198723
2023-04-07,Phone,259.0330519613641,3,West,777.0991558840923
2023-04-08,Headphones,530.5195453800835,7,East,3713.6368176605847
2023-04-09,Phone,386.5473882073545,8,North,3092.379105658836
2023-04-10,Laptop,286.66194356034885,6,West,1719.971661362093
2023-04-11,Tablet,403.014067363621,5,West,2015.070336818105
2023-04-12,Phone,337.76779945784074,1,South,337.76779945784074
2023-04-13,Phone,753.0712452608848,8,West,6024.569962087078
2023-04-14,Headphones,632.2459635424176,3,East,1896.737890627253
2023-04-15,Phone,498.80410380250737,6,South,2992.824622815044
2023-04-16,Phone,721.9916208335039,3,North,2165.974862500512
2023-04-17,Phone,511.60524614714274,7,South,3581.236723029999
2023-04-18,Headphones,370.80736980076045,7,East,2595.651588605323
2023-04-19,Phone,728.4686115904486,9,East,6556.217504314038
2023-04-20,Tablet,580.8365065526988,5,South,2904.182532763494
2023-04-21,Headphones,344.4130768510315,8,North,2755.304614808252
2023-04-22,Tablet,471.4491982874588,8,South,3771.5935862996703
2023-04-23,Headphones,368.6572619922864,1,North,368.6572619922864
2023-04-24,Phone,292.5800403553496,5,South,1462.900201776748
2023-04-25,Tablet,638.9266321297462,3,East,1916.7798963892385
2023-04-26,Headphones,786.4124960705196,1,West,786.4124960705196
2023-04-27,Laptop,290.2148639271288,4,West,1160.8594557085153
2023-04-28,Phone,584.4453855035856,8,North,4675.563084028685
2023-04-29,Headphones,402.403614631726,3,North,1207.210843895178
2023-04-30,Laptop,426.9311924352956,2,North,853.8623848705912
2023-05-01,Headphones,411.1409113641696,9,East,3700.268202277526
2023-05-02,Laptop,370.40138454802764,5,South,1852.0069227401382
2023-05-03,Phone,507.27824419172407,7,East,3550.9477093420683
2023-05-04,Tablet,375.35748253834436,2,West,750.7149650766887
2023-05-05,Laptop,540.5685238669759,9,North,4865.116714802783
2023-05-06,Headphones,492.46428358262943,9,South,4432.178552243665
2023-05-07,Phone,464.15779297003854,4,West,1856.6311718801542
2023-05-08,Laptop,363.8654506937603,4,West,1455.4618027750412
2023-05-09,Headphones,413.4843004147501,6,West,2480.9058024885007
2023-05-10,Headphones,613.3086838738634,6,East,3679.8521032431804
2023-05-11,Headphones,575.1375781436572,1,North,575.1375781436572
2023-05-12,Laptop,353.36671328021737,9,West,3180.3004195219564
2023-05-13,Laptop,514.8998458143839,2,North,1029.7996916287677
2023-05-14,Laptop,612.7080685057683,5,East,3063.5403425288414
2023-05-15,Tablet,249.58920783179423,9,West,2246.302870486148
2023-05-16,Laptop,581.5040288569903,4,East,2326.0161154279613
2023-05-17,Laptop,400.606436158123,3,East,1201.819308474369
2023-05-18,Laptop,585.589800288974,7,North,4099.128602022818
2023-05-19,Tablet,385.51112651862246,6,West,2313.066759111735
2023-05-20,Laptop,229.26768490032214,8,East,1834.141479202577
2023-05-21,Headphones,255.8686343175256,3,West,767.6059029525768
2023-05-22,Laptop,507.2127419992073,5,North,2536.063709996037
2023-05-23,Headphones,538.9583752582223,4,East,2155.833501032889
2023-05-24,Headphones,364.3525062343387,4,North,1457.4100249373548
2023-05-25,Headphones,595.788868816606,4,West,2383.155475266424
2023-05-26,Tablet,250.771990659656,8,West,2006.175925277248
2023-05-27,Tablet,490.08803020290253,6,North,2940.5281812174153
2023-05-28,Tablet,318.3475700356315,3,South,955.0427101068946
2023-05-29,Laptop,402.22458382967613,5,East,2011.1229191483808
2023-05-30,Headphones,507.1098006974621,6,West,3042.6588041847726
2023-05-31,Tablet,370.93799520740714,5,West,1854.6899760370356
2023-06-01,Tablet,442.3166683655262,6,East,2653.900010193157
2023-06-02,Laptop,650.9439213821661,8,North,5207.551371057329
2023-06-03,Tablet,413.4662195715277,7,North,2894.2635370006938
2023-06-04,Laptop,625.3538168097713,5,North,3126.7690840488563
2023-06-05,Phone,330.5439718013573,6,South,1983.263830808144
2023-06-06,Tablet,579.4706266872925,4,South,2317.88250674917
2023-06-07,Phone,716.235293098685,9,West,6446.1176378881655
2023-06-08,Laptop,129.2533249809066,4,North,517.0132999236264
2023-06-09,Headphones,380.46571167942847,1,East,380.46571167942847
2023-06-10,Tablet,586.560819077081,7,West,4105.925733539567
2023-06-11,Laptop,469.5431920935511,7,East,3286.8023446548577
2023-06-12,Headphones,555.6718810056964,4,West,2222.6875240227855
2023-06-13,Headphones,409.4022219926269,3,South,1228.2066659778807
2023-06-14,Phone,512.988468120935,8,West,4103.90774496748
2023-06-15,Laptop,476.64841469118807,5,South,2383.2420734559405
2023-06-16,Headphones,675.1673092489712,7,West,4726.171164742798
2023-06-17,Tablet,538.1631264951819,4,North,2152.6525059807277
2023-06-18,Tablet,550.6403993112804,4,East,2202.5615972451214
2023-06-19,Phone,438.2184550816299,8,North,3505.747640653039
2023-06-20,Headphones,426.859066389126,8,West,3414.872531113008
2023-06-21,Laptop,435.11627182705683,2,West,870.2325436541137
2023-06-22,Tablet,559.1678213567445,2,West,1118.335642713489
2023-06-23,Headphones,436.85232787696054,3,South,1310.5569836308816
2023-06-24,Headphones,543.466228534462,3,East,1630.3986856033857
2023-06-25,Phone,811.3101197968158,1,East,811.3101197968158
2023-06-26,Tablet,630.6687055147538,3,West,1892.0061165442614
2023-06-27,Tablet,451.0964701748238,6,West,2706.5788210489427
2023-06-28,Laptop,680.1820883245917,8,South,5441.456706596734
2023-06-29,Tablet,438.7886940467673,6,North,2632.7321642806037
2023-06-30,Laptop,194.28131972332193,5,North,971.4065986166097
2023-07-01,Tablet,348.78705336238943,4,East,1395.1482134495577
2023-07-02,Phone,219.38121184612163,3,South,658.1436355383648
2023-07-03,Tablet,447.27297739380367,4,West,1789.0919095752147
2023-07-04,Laptop,502.76275687843275,7,East,3519.339298149029
2023-07-05,Laptop,751.4655968412924,1,South,751.4655968412924
2023-07-06,Phone,549.0391060646244,7,North,3843.273742452371
2023-07-07,Tablet,467.13492067867037,1,South,467.13492067867037
2023-07-08,Tablet,624.4108371775234,2,North,1248.8216743550468
2023-07-09,Phone,168.32970364881726,4,South,673.318814595269
2023-07-10,Tablet,535.3421837162849,1,East,535.3421837162849
2023-07-11,Tablet,615.629779083045,9,North,5540.668011747405
2023-07-12,Laptop,278.2120631330238,6,East,1669.2723787981427
2023-07-13,Tablet,671.5631064810393,1,East,671.5631064810393
2023-07-14,Tablet,550.7744611241621,1,North,550.7744611241621
2023-07-15,Phone,437.70681291487983,6,North,2626.2408774892792
2023-07-16,Phone,594.9172799159427,4,West,2379.6691196637707
2023-07-17,Headphones,840.6039286706593,4,West,3362.4157146826374
2023-07-18,Laptop,527.2799382587742,6,West,3163.6796295526456
2023-07-19,Tablet,537.2330879450504,7,East,3760.631615615353
2023-07-20,Tablet,431.09586506896335,9,East,3879.8627856206704
2023-07-21,Headphones,372.5233445802812,5,West,1862.616722901406
2023-07-22,Tablet,624.5503724816368,9,East,5620.953352334732
2023-07-23,Laptop,371.58742611366995,4,East,1486.3497044546798
2023-07-24,Headphones,510.73493558290886,2,North,1021.4698711658177
2023-07-25,Laptop,428.3513829852325,3,North,1285.0541489556974
2023-07-26,Headphones,571.8469738619588,1,East,571.8469738619588
2023-07-27,Headphones,550.0493157930423,6,West,3300.295894758254
2023-07-28,Phone,655.6309916386849,6,South,3933.7859498321095
2023-07-29,Laptop,423.49754017178793,1,West,423.49754017178793
2023-07-30,Tablet,459.5187597059943,3,South,1378.5562791179827
2023-07-31,Tablet,353.1854426326539,5,West,1765.9272131632697
2023-08-01,Laptop,433.35601098858325,3,North,1300.0680329657498
2023-08-02,Tablet,556.5950739567278,3,East,1669.7852218701832
2023-08-03,Tablet,613.5482924968028,3,East,1840.6448774904084
2023-08-04,Laptop,361.6752013733562,5,North,1808.376006866781
2023-08-05,Headphones,630.440888015849,5,South,3152.204440079245
2023-08-06,Laptop,703.3456788207427,4,South,2813.382715282971
2023-08-07,Headphones,562.0152354835551,1,South,562.0152354835551
2023-08-08,Tablet,781.5193718837099,5,North,3907.5968594185497
2023-08-09,Tablet,383.931620134464,5,South,1919.6581006723202
2023-08-10,Tablet,313.30179450328745,4,North,1253.2071780131498
2023-08-11,Phone,233.1919626643582,6,West,1399.151775986149
2023-08-12,Headphones,724.4066467233774,4,West,2897.6265868935097
2023-08-13,Phone,598.1548484531087,7,North,4187.083939171761
2023-08-14,Phone,491.6622993634317,7,East,3441.636095544022
2023-08-15,Laptop,541.9952939479731,2,West,1083.9905878959462
2023-08-16,Phone,331.1766429052435,3,South,993.5299287157305
2023-08-17,Laptop,866.862796942524,1,North,866.862796942524
2023-08-18,Laptop,519.3831772962841,8,South,4155.065418370273
2023-08-19,Phone,516.4092191907339,9,South,4647.682972716605
2023-08-20,Headphones,608.8649935848038,4,East,2435.459974339215
2023-08-21,Headphones,572.151384760507,6,South,3432.908308563042
2023-08-22,Headphones,533.5826036418697,9,East,4802.243432776827
2023-08-23,Headphones,381.4288316832032,6,West,2288.572990099219
2023-08-24,Headphones,570.7202535703993,9,North,5136.482282133594
2023-08-25,Phone,782.3036744712551,4,South,3129.2146978850205
2023-08-26,Phone,701.8130069232467,8,North,5614.5040553859735
2023-08-27,Tablet,738.9779939959095,9,South,6650.801945963186
2023-08-28,Headphones,423.31764853532223,4,North,1693.270594141289
2023-08-29,Phone,351.55927696121284,5,South,1757.7963848060642
2023-08-30,Tablet,481.1319619850528,8,South,3849.0556958804223
2023-08-31,Headphones,508.3587368433042,6,South,3050.1524210598254
2023-09-01,Laptop,664.1287277706423,7,South,4648.901094394496
2023-09-02,Tablet,246.1303055427771,3,South,738.3909166283313
2023-09-03,Phone,729.432547919092,7,South,5106.027835433644
2023-09-04,Laptop,476.2988152131516,8,South,3810.390521705213
2023-09-05,Laptop,435.967839507887,6,South,2615.807037047322
2023-09-06,Laptop,348.1843437109749,9,South,3133.6590933987736
2023-09-07,Tablet,251.7714992201346,6,North,1510.6289953208075
2023-09-08,Phone,623.4755875942872,9,East,5611.280288348585
2023-09-09,Laptop,510.99769507826056,4,South,2043.9907803130423
2023-09-10,Headphones,306.50586503884193,8,East,2452.0469203107355
2023-09-11,Laptop,305.73818419045756,4,South,1222.9527367618302
2023-09-12,Laptop,449.6322951064808,2,South,899.2645902129616
2023-09-13,Tablet,750.3532287934089,9,North,6753.17905914068
2023-09-14,Tablet,461.06129729545927,5,West,2305.3064864772964
2023-09-15,Phone,274.5285570322841,4,West,1098.1142281291363
2023-09-16,Headphones,463.1385403871084,2,North,926.2770807742168
2023-09-17,Tablet,459.09146453784945,1,East,459.09146453784945
2023-09-18,Laptop,95.46700355876425,7,West,668.2690249113498
2023-09-19,Phone,491.85577002232816,6,North,2951.134620133969
2023-09-20,Laptop,465.35982046869833,2,North,930.7196409373967
2023-09-21,Laptop,604.4309547220128,8,West,4835.447637776102
2023-09-22,Tablet,777.3434142418018,4,East,3109.3736569672074
2023-09-23,Phone,668.9847544321636,8,North,5351.878035457309
2023-09-24,Headphones,459.66669641677544,7,South,3217.6668749174282
2023-09-25,Headphones,334.02111368874944,5,East,1670.1055684437472
2023-09-26,Tablet,886.0039704874791,8,East,7088.031763899833
2023-09-27,Tablet,508.88276510217327,9,West,4579.944885919559
2023-09-28,Phone,502.0893937869419,5,West,2510.4469689347097
2023-09-29,Headphones,496.3812369334995,5,South,2481.9061846674977
2023-09-30,Headphones,529.7127141151782,2,North,1059.4254282303564
2023-10-01,Headphones,478.3459382114086,5,West,2391.729691057043
2023-10-02,Laptop,413.95069896796457,3,West,1241.8520969038937
2023-10-03,Headphones,417.9711588139412,7,East,2925.7981116975884
2023-10-04,Laptop,495.08700946760024,5,West,2475.4350473380014
2023-10-05,Phone,418.48628432993524,8,West,3347.890274639482
2023-10-06,Laptop,393.07313259842533,1,West,393.07313259842533
2023-10-07,Phone,515.9645341537845,3,West,1547.8936024613536
2023-10-08,Headphones,461.7534173868717,3,East,1385.2602521606152
2023-10-09,Headphones,725.5989482874033,9,South,6530.39053458663
2023-10-10,Phone,102.35452874104823,5,South,511.77264370524114
2023-10-11,Tablet,663.7260277883693,9,North,5973.534250095323
2023-10-12,Phone,686.9127788746443,9,West,6182.215009871799
2023-10-13,Tablet,188.99146513877758,1,East,188.99146513877758
2023-10-14,Laptop,448.5968608879477,2,North,897.1937217758954
2023-10-15,Laptop,444.2838701006313,5,North,2221.4193505031567
2023-10-16,Laptop,288.8732457923268,4,South,1155.4929831693073
2023-10-17,Headphones,383.3274968613687,9,East,3449.947471752318
2023-10-18,Laptop,333.4136231801257,7,East,2333.8953622608797
2023-10-19,Tablet,762.8405665135434,6,East,4577.043399081261
2023-10-20,Laptop,640.3517589721191,7,South,4482.462312804833
2023-10-21,Phone,690.7332642491237,1,South,690.7332642491237
2023-10-22,Phone,608.2508096064853,1,South,608.2508096064853
2023-10-23,Headphones,330.6422343174156,8,South,2645.137874539325
2023-10-24,Phone,421.32196005803394,2,South,842.6439201160679
2023-10-25,Tablet,573.4061841841877,9,West,5160.6556576576895
2023-10-26,Laptop,316.6808286662082,7,West,2216.7658006634574
2023-10-27,Headphones,606.9497645258582,6,East,3641.698587155149
2023-10-28,Laptop,463.95119027627976,1,North,463.95119027627976
2023-10-29,Laptop,443.77687886756036,1,East,443.77687886756036
2023-10-30,Tablet,606.6439952305237,2,North,1213.2879904610475
2023-10-31,Phone,566.639496722906,6,South,3399.8369803374358
2023-11-01,Phone,445.85507512713804,6,North,2675.1304507628283
2023-11-02,Laptop,673.8994705046372,2,East,1347.7989410092744
2023-11-03,Headphones,337.84050086001537,1,East,337.84050086001537
2023-11-04,Phone,592.3903410416395,5,North,2961.951705208198
2023-11-05,Headphones,588.9651886952576,5,West,2944.8259434762876
2023-11-06,Phone,453.56803410290144,2,South,907.1360682058029
2023-11-07,Headphones,548.9199533363177,6,South,3293.5197200179064
2023-11-08,Tablet,312.33296354220454,9,East,2810.996671879841
2023-11-09,Headphones,638.6040528810352,2,West,1277.2081057620703
2023-11-10,Tablet,472.26467953355166,2,North,944.5293590671033
2023-11-11,Tablet,421.59154692214406,3,South,1264.7746407664322
2023-11-12,Headphones,657.3513838755334,7,West,4601.459687128734
2023-11-13,Tablet,394.3484464185861,6,South,2366.0906785115167
2023-11-14,Laptop,288.73080554546607,8,West,2309.8464443637286
2023-11-15,Tablet,266.5056239714145,8,West,2132.044991771316
2023-11-16,Phone,590.9014927018459,6,East,3545.4089562110753
2023-11-17,Headphones,307.93559712555754,3,South,923.8067913766727
2023-11-18,Laptop,763.2191272976547,3,North,2289.657381892964
2023-11-19,Headphones,187.7105888174417,1,East,187.7105888174417
2023-11-20,Phone,754.4684552435058,7,East,5281.279186704541
2023-11-21,Phone,531.6526200803928,5,North,2658.263100401964
2023-11-22,Phone,485.49303321944114,4,East,1941.9721328777646
2023-11-23,Tablet,418.2621369786575,4,West,1673.04854791463
2023-11-24,Tablet,559.8704171528107,4,West,2239.4816686112426
2023-11-25,Headphones,494.35479463627274,6,South,2966.1287678176363
2023-11-26,Headphones,665.4952823024782,8,South,5323.962258419826
2023-11-27,Laptop,517.1341472993059,8,North,4137.0731783944475
2023-11-28,Laptop,522.5452642192816,5,South,2612.7263210964084
2023-11-29,Headphones,445.4581681679216,6,West,2672.74900900753
2023-11-30,Tablet,491.4581564418399,4,North,1965.8326257673596
2023-12-01,Phone,546.1702653338089,9,North,4915.53238800428
2023-12-02,Headphones,243.47474110150614,8,South,1947.7979288120491
2023-12-03,Laptop,297.77218668414304,1,West,297.77218668414304
2023-12-04,Tablet,611.4896141034072,2,North,1222.9792282068145
2023-12-05,Headphones,525.6298157191912,9,West,4730.668341472721
2023-12-06,Headphones,472.40249954709816,8,West,3779.2199963767853
2023-12-07,Tablet,502.76508995980896,3,West,1508.295269879427
2023-12-08,Headphones,552.1372558042507,8,South,4417.0980464340055
2023-12-09,Tablet,419.03604795359576,1,East,419.03604795359576
2023-12-10,Phone,383.2542911896531,4,East,1533.0171647586124
2023-12-11,Tablet,529.3767882646522,3,North,1588.1303647939567
2023-12-12,Tablet,353.2440833577452,6,West,2119.464500146471
2023-12-13,Tablet,561.2379133571708,7,South,3928.6653935001955
2023-12-14,Headphones,244.61245936432394,4,West,978.4498374572958
2023-12-15,Headphones,654.3733455988465,7,West,4580.6134191919255
2023-12-16,Tablet,570.8896223619564,9,South,5138.006601257608
2023-12-17,Headphones,538.4044601470814,2,East,1076.8089202941628
2023-12-18,Laptop,647.403647591827,3,West,1942.2109427754813
2023-12-19,Laptop,749.8211666693865,5,West,3749.1058333469323
2023-12-20,Headphones,652.1555097527196,3,East,1956.4665292581587
2023-12-21,Headphones,223.86886530025322,8,South,1790.9509224020258
2023-12-22,Tablet,308.0634549896448,8,North,2464.5076399171585
2023-12-23,Phone,406.2772133456482,8,East,3250.2177067651855
2023-12-24,Headphones,503.91365753162506,9,North,4535.222917784626
2023-12-25,Laptop,577.6488530703684,4,North,2310.5954122814737
2023-12-26,Tablet,391.13842802698014,5,East,1955.6921401349007
2023-12-27,Headphones,528.0150146715617,5,West,2640.075073357809
2023-12-28,Laptop,386.6925601470016,8,North,3093.5404811760127
2023-12-29,Laptop,408.27232955120775,7,North,2857.906306858454
2023-12-30,Phone,289.00083547276665,9,South,2601.0075192548998
2023-12-31,Tablet,361.51501308336435,8,West,2892.120104666915
2024-01-01,Tablet,297.2473091575499,2,North,594.4946183150998
2024-01-02,Phone,353.61901205340007,4,South,1414.4760482136003
2024-01-03,Phone,658.046269491176,6,West,3948.277616947056
2024-01-04,Tablet,357.59016667520854,2,East,715.1803333504171
2024-01-05,Tablet,894.8573097256086,7,East,6264.00116807926
2024-01-06,Headphones,573.9976851321334,3,South,1721.9930553964
2024-01-07,Headphones,527.725418554231,3,East,1583.1762556626932
2024-01-08,Phone,371.246332972818,2,North,742.492665945636
2024-01-09,Headphones,605.0464819113487,8,West,4840.371855290789
2024-01-10,Laptop,413.65432606433393,6,North,2481.9259563860037
2024-01-11,Headphones,518.3014721968042,1,North,518.3014721968042
2024-01-12,Headphones,884.0126807403192,1,East,884.0126807403192
2024-01-13,Laptop,485.5910150413025,7,North,3399.1371052891177
2024-01-14,Phone,672.3909989428514,8,East,5379.127991542811
2024-01-15,Laptop,394.5235362311169,5,West,1972.6176811555845
2024-01-16,Headphones,494.75172642545573,5,West,2473.758632127279
2024-01-17,Phone,765.6200953453265,4,North,3062.480381381306
2024-01-18,Headphones,405.9549413318349,6,South,2435.729647991009
2024-01-19,Laptop,771.8672836995393,6,East,4631.2037021972355
2024-01-20,Laptop,606.1627903183213,3,East,1818.488370954964
2024-01-21,Headphones,415.6299836158598,9,North,3740.669852542738
2024-01-22,Tablet,594.8611608583282,7,East,4164.0281260082975
2024-01-23,Tablet,645.8831674440095,1,East,645.8831674440095
2024-01-24,Laptop,593.2714943325794,7,South,4152.900460328056
2024-01-25,Laptop,264.46629201643157,5,South,1322.3314600821577
2024-01-26,Tablet,390.9294236262697,5,North,1954.6471181313484
2024-01-27,Tablet,462.8722046672743,2,South,925.7444093345485
2024-01-28,Headphones,488.8349856349931,4,North,1955.3399425399723
2024-01-29,Headphones,593.1008146326017,6,West,3558.60488779561
2024-01-30,Tablet,526.6551501399881,7,North,3686.5860509799168
2024-01-31,Headphones,299.6983461934848,5,West,1498.4917309674238
2024-02-01,Headphones,557.0296776508944,9,North,5013.26709885805
2024-02-02,Phone,591.5878617925734,3,East,1774.7635853777203
2024-02-03,Headphones,583.9685671896559,1,South,583.9685671896559
2024-02-04,Laptop,662.1171088331932,4,West,2648.468435332773
2024-02-05,Headphones,625.0883231823357,9,North,5625.794908641021
2024-02-06,Headphones,568.8770118842655,4,South,2275.508047537062
2024-02-07,Tablet,489.4751432812029,2,North,978.9502865624058
2024-02-08,Laptop,250.85585997260128,5,South,1254.2792998630064
2024-02-09,Headphones,564.4427328698879,3,South,1693.3281986096636
2024-02-10,Headphones,531.1531530744667,9,North,4780.3783776702
2024-02-11,Phone,540.736825579306,4,West,2162.947302317224
2024-02-12,Headphones,308.48771362695356,6,West,1850.9262817617214
2024-02-13,Headphones,337.84151893876066,2,East,675.6830378775213
2024-02-14,Phone,657.9729279999356,6,South,3947.8375679996134
2024-02-15,Tablet,494.06672692150175,3,East,1482.2001807645051
2024-02-16,Headphones,602.2251046058936,9,East,5420.025941453043
2024-02-17,Phone,504.24775641956916,2,North,1008.4955128391383
2024-02-18,Laptop,504.4634209243618,9,North,4540.170788319256
2024-02-19,Tablet,640.7425708963997,5,North,3203.7128544819984
2024-02-20,Laptop,422.5932907673939,8,South,3380.7463261391513
2024-02-21,Laptop,514.4181165411475,2,North,1028.836233082295
2024-02-22,Phone,430.6587066942436,6,North,2583.9522401654617
2024-02-23,Headphones,434.8255658851526,3,South,1304.4766976554579
2024-02-24,Phone,453.6241814797041,5,South,2268.1209073985206
2024-02-25,Phone,533.3200657450569,8,West,4266.560525960455
2024-02-26,Phone,428.1877067504784,1,North,428.1877067504784
2024-02-27,Phone,688.3634188360281,5,North,3441.817094180141
2024-02-28,Tablet,365.80890466707444,3,North,1097.4267140012234
2024-02-29,Headphones,471.96925337579614,4,West,1887.8770135031846
2024-03-01,Laptop,434.04034125887375,2,North,868.0806825177475
2024-03-02,Laptop,717.0466826530599,9,West,6453.420143877539
2024-03-03,Headphones,529.4832164767362,3,East,1588.4496494302084
2024-03-04,Laptop,654.7766809202952,2,West,1309.5533618405905
2024-03-05,Headphones,277.1659440444542,9,East,2494.4934964000877
2024-03-06,Laptop,540.0575398803888,7,North,3780.402779162722
2024-03-07,Phone,633.4446193435156,6,East,3800.6677160610934
2024-03-08,Laptop,512.3425983913136,1,West,512.3425983913136
2024-03-09,Headphones,659.8220562598027,5,South,3299.1102812990134
2024-03-10,Headphones,422.4067324849442,3,East,1267.2201974548325
2024-03-11,Headphones,711.402116027837,1,East,711.402116027837
2024-03-12,Headphones,844.8347185428875,4,North,3379.33887417155
2024-03-13,Headphones,445.57421593405115,2,West,891.1484318681023
2024-03-14,Tablet,433.1746217898842,2,East,866.3492435797684
2024-03-15,Tablet,718.0076715676552,3,East,2154.0230147029656
2024-03-16,Laptop,736.9358218596069,8,East,5895.486574876855
2024-03-17,Headphones,421.5709959270098,8,East,3372.5679674160783
2024-03-18,Laptop,436.9719774356214,7,South,3058.80384204935
2024-03-19,Headphones,457.73230867092394,6,West,2746.3938520255438
2024-03-20,Headphones,298.33242334485846,9,North,2684.991810103726
2024-03-21,Tablet,362.20220802737026,4,North,1448.808832109481
2024-03-22,Tablet,349.37888498718985,1,South,349.37888498718985
2024-03-23,Phone,384.83036523438074,8,West,3078.642921875046
2024-03-24,Tablet,494.7972668919828,7,East,3463.5808682438796
2024-03-25,Phone,535.1322098804781,7,South,3745.9254691633464
2024-03-26,Phone,732.5750739221115,3,West,2197.7252217663345
2024-03-27,Phone,350.24689388918137,4,East,1400.9875755567255
2024-03-28,Phone,647.6483597714875,9,South,5828.835237943388
2024-03-29,Phone,467.90167336617367,6,West,2807.410040197042
2024-03-30,Laptop,492.5804435521351,5,North,2462.9022177606753
2024-03-31,Tablet,601.2229238249905,3,North,1803.6687714749714
2024-04-01,Phone,331.59169676565523,9,West,2984.325270890897
2024-04-02,Headphones,557.3614619276076,5,North,2786.807309638038
2024-04-03,Tablet,524.9678312319584,5,West,2624.839156159792
2024-04-04,Tablet,573.8676896012223,4,East,2295.4707584048892
2024-04-05,Phone,543.3752965861727,4,West,2173.5011863446907
2024-04-06,Laptop,868.2950209866342,1,East,868.2950209866342
2024-04-07,Phone,404.3390023623026,7,South,2830.3730165361185
2024-04-08,Laptop,420.35045674972736,9,West,3783.1541107475464
2024-04-09,Headphones,406.52892103628534,3,South,1219.586763108856
2024-04-10,Tablet,416.6784321259618,2,North,833.3568642519236
2024-04-11,Headphones,404.39193090402233,3,East,1213.175792712067
2024-04-12,Laptop,678.3524796661328,1,West,678.3524796661328
2024-04-13,Laptop,713.0756371984783,6,South,4278.45382319087
2024-04-14,Headphones,414.38805593757854,7,East,2900.71639156305
2024-04-15,Laptop,375.1466640343657,2,East,750.2933280687314
2024-04-16,Headphones,570.7123334579607,8,North,4565.698667663685
2024-04-17,Tablet,417.1665433578543,6,North,2502.999260147126
2024-04-18,Headphones,594.9397726633266,4,East,2379.7590906533064
2024-04-19,Tablet,530.438453127695,5,East,2652.192265638475
2024-04-20,Headphones,272.6383827504152,8,West,2181.1070620033215
2024-04-21,Laptop,732.1257801995092,3,East,2196.3773405985276
2024-04-22,Headphones,769.3816509643282,3,West,2308.1449528929843
2024-04-23,Laptop,408.0816964273421,4,East,1632.3267857093683
2024-04-24,Headphones,441.8447660096024,1,North,441.8447660096024
2024-04-25,Headphones,542.8798086087357,9,West,4885.918277478621
2024-04-26,Phone,550.1685184980538,8,South,4401.34814798443
2024-04-27,Laptop,598.7816409009246,8,North,4790.253127207397
2024-04-28,Phone,801.5306808149525,6,West,4809.1840848897145
2024-04-29,Laptop,473.4579158758926,7,West,3314.205411131248
2024-04-30,Phone,380.25541331923193,6,South,2281.5324799153914
2024-05-01,Tablet,293.10211579782094,9,West,2637.9190421803887
2024-05-02,Headphones,390.3604940087121,3,East,1171.0814820261364
2024-05-03,Laptop,495.03095406893044,3,South,1485.0928622067913
2024-05-04,Laptop,769.1836795276681,3,North,2307.5510385830044
2024-05-05,Headphones,422.3583051445743,3,North,1267.0749154337227
2024-05-06,Laptop,533.5681927458347,9,East,4802.113734712512
2024-05-07,Laptop,497.53656558908716,4,North,1990.1462623563486
2024-05-08,Phone,678.2589910172126,7,West,4747.812937120488
2024-05-09,Laptop,879.0398638810432,9,West,7911.358774929388
2024-05-10,Tablet,420.3696840619519,7,East,2942.5877884336633
2024-05-11,Tablet,426.5840836222667,9,North,3839.2567526004004
2024-05-12,Headphones,656.6241315603609,3,North,1969.8723946810826
2024-05-13,Laptop,602.2837234439467,4,East,2409.1348937757866
2024-05-14,Headphones,777.006098860405,8,South,6216.04879088324
2024-05-15,Tablet,587.5892277988946,6,North,3525.5353667933678
2024-05-16,Laptop,446.1061863819411,5,South,2230.5309319097055
2024-05-17,Laptop,588.5982246038463,4,North,2354.3928984153854
2024-05-18,Headphones,666.3055370874362,8,North,5330.444296699489
2024-05-19,Tablet,623.0723271796046,1,North,623.0723271796046
2024-05-20,Laptop,576.0911046660947,9,North,5184.819941994852
2024-05-21,Headphones,660.0012034383731,1,West,660.0012034383731
2024-05-22,Tablet,675.3943385668509,8,South,5403.1547085348075
2024-05-23,Headphones,707.323848655629,4,South,2829.295394622516
2024-05-24,Phone,597.3064831384464,9,North,5375.758348246018
2024-05-25,Laptop,474.9322879524718,5,North,2374.661439762359
2024-05-26,Phone,522.0070529649985,3,South,1566.0211588949956
2024-05-27,Tablet,680.9763449762536,9,West,6128.787104786283
2024-05-28,Phone,377.4596493519146,9,East,3397.1368441672316
2024-05-29,Phone,555.3009963309352,4,East,2221.2039853237407
2024-05-30,Tablet,440.9991781508959,4,South,1763.9967126035835
2024-05-31,Headphones,504.31172344022264,8,North,4034.493787521781
2024-06-01,Phone,691.7677793910948,2,North,1383.5355587821896
2024-06-02,Headphones,528.6648602029856,9,West,4757.98374182687
2024-06-03,Phone,506.9654822234223,6,East,3041.7928933405337
2024-06-04,Headphones,296.0215788530121,9,West,2664.194209677109
2024-06-05,Tablet,611.9380349040831,8,East,4895.504279232665
2024-06-06,Phone,596.8226271711613,7,South,4177.75839019813
2024-06-07,Tablet,824.488208495819,1,East,824.488208495819
2024-06-08,Phone,453.83326475704985,3,West,1361.4997942711495
2024-06-09,Tablet,532.8725491495909,2,West,1065.7450982991818
2024-06-10,Tablet,537.4075525566133,5,West,2687.0377627830662
2024-06-11,Phone,736.6179919645211,5,South,3683.0899598226056
2024-06-12,Phone,485.70567014195717,5,East,2428.5283507097856
2024-06-13,Phone,541.8532288655509,4,East,2167.4129154622037
2024-06-14,Laptop,591.1844764574809,5,West,2955.922382287404
2024-06-15,Headphones,527.9913684734537,3,East,1583.974105420361
2024-06-16,Laptop,433.0349578174208,1,North,433.0349578174208
2024-06-17,Laptop,529.1134989347462,5,North,2645.567494673731
2024-06-18,Tablet,661.0447624789658,9,North,5949.402862310692
2024-06-19,Phone,346.02270508834096,9,East,3114.2043457950685
2024-06-20,Headphones,519.9454511220314,4,South,2079.7818044881255
2024-06-21,Tablet,394.981877759124,3,South,1184.945633277372
2024-06-22,Laptop,679.2569943387264,1,South,679.2569943387264
2024-06-23,Phone,271.5219642824338,2,South,543.0439285648677
2024-06-24,Tablet,416.16172290926175,8,North,3329.293783274094
2024-06-25,Phone,556.5817812596781,1,North,556.5817812596781
2024-06-26,Tablet,734.828604385151,8,West,5878.628835081208
2024-06-27,Phone,490.1374608390518,7,East,3430.9622258733625
2024-06-28,Laptop,416.72007099602024,8,East,3333.760567968162
2024-06-29,Headphones,782.1735604160885,6,South,4693.041362496531
2024-06-30,Laptop,282.7979149375634,9,North,2545.1812344380705
2024-07-01,Headphones,170.1791065069877,3,South,510.5373195209631
2024-07-02,Phone,566.0021675079998,4,West,2264.0086700319994
2024-07-03,Tablet,424.6918663471083,6,East,2548.15119808265
2024-07-04,Laptop,346.815077430393,8,East,2774.520619443144
2024-07-05,Headphones,606.253467094903,5,South,3031.267335474515
2024-07-06,Laptop,536.5701070656798,3,West,1609.7103211970395
2024-07-07,Headphones,415.38820538949074,6,East,2492.329232336944
2024-07-08,Laptop,307.95434019936584,4,West,1231.8173607974634
2024-07-09,Headphones,630.8685992420217,9,West,5677.817393178195
2024-07-10,Headphones,597.5301766937991,3,South,1792.5905300813974
2024-07-11,Phone,485.1236204330926,4,North,1940.4944817323703
2024-07-12,Headphones,776.9955494071498,7,South,5438.968845850049
2024-07-13,Phone,339.48728505107715,7,North,2376.41099535754
2024-07-14,Headphones,271.1712243612892,4,West,1084.6848974451568
2024-07-15,Tablet,396.2137895178133,6,North,2377.2827371068797
2024-07-16,Tablet,493.16209754667534,3,West,1479.486292640026
2024-07-17,Tablet,536.5009173984038,6,East,3219.0055043904226
2024-07-18,Headphones,463.8145913215505,2,East,927.629182643101
2024-07-19,Phone,552.8083094771446,8,East,4422.466475817157
2024-07-20,Phone,312.2690863714334,2,South,624.5381727428668
2024-07-21,Headphones,716.5646906109889,7,South,5015.952834276923
2024-07-22,Tablet,487.67732324111466,9,West,4389.0959091700315
2024-07-23,Tablet,667.5943747382191,1,East,667.5943747382191
2024-07-24,Phone,551.4088019566557,8,South,4411.270415653245
2024-07-25,Tablet,568.5129828730676,7,East,3979.590880111473
2024-07-26,Laptop,585.4650920348306,6,South,3512.7905522089836
2024-07-27,Phone,567.1562840025972,6,North,3402.937704015583
2024-07-28,Tablet,596.4084139801316,6,North,3578.4504838807898
2024-07-29,Phone,699.3728795198647,9,East,6294.355915678782
2024-07-30,Laptop,529.4781754552205,2,West,1058.956350910441
2024-07-31,Phone,606.3505636382769,1,South,606.3505636382769
2024-08-01,Phone,486.53964585691597,6,South,2919.237875141496
2024-08-02,Phone,716.0175823174209,8,North,5728.140658539367
2024-08-03,Phone,398.54115469110957,3,North,1195.6234640733287
2024-08-04,Laptop,770.1410649366223,1,West,770.1410649366223
2024-08-05,Headphones,493.97630740334847,9,West,4445.786766630136
2024-08-06,Phone,285.3837346822928,1,West,285.3837346822928
2024-08-07,Phone,519.2156622366184,3,East,1557.6469867098554
2024-08-08,Tablet,397.84225137876786,8,North,3182.738011030143
2024-08-09,Phone,626.0965323483086,3,East,1878.2895970449258
2024-08-10,Tablet,402.10640310464134,4,North,1608.4256124185654
2024-08-11,Headphones,433.07248501778304,8,North,3464.5798801422643
2024-08-12,Laptop,216.56889035817034,1,South,216.56889035817034
2024-08-13,Laptop,432.1540521126385,6,North,2592.924312675831
2024-08-14,Headphones,136.41810100565652,1,North,136.41810100565652
2024-08-15,Laptop,262.4145764771415,1,East,262.4145764771415
2024-08-16,Headphones,614.0621984216446,8,North,4912.497587373156
2024-08-17,Headphones,617.8700237976249,4,East,2471.4800951904995
2024-08-18,Headphones,563.8186342677448,1,West,563.8186342677448
2024-08-19,Laptop,354.9535785306181,7,North,2484.6750497143266
2024-08-20,Tablet,492.843296578703,5,North,2464.216482893515
2024-08-21,Headphones,499.45961913641474,5,East,2497.298095682074
2024-08-22,Phone,326.2452966211186,1,West,326.2452966211186
2024-08-23,Laptop,725.5097452650725,6,South,4353.058471590435
2024-08-24,Headphones,631.6043435863508,9,West,5684.439092277156
2024-08-25,Headphones,466.8553739255504,9,East,4201.698365329954
2024-08-26,Phone,504.0328758491796,8,West,4032.263006793437
2024-08-27,Tablet,531.2574211921328,5,East,2656.287105960664
2024-08-28,Tablet,193.73976973635638,1,East,193.73976973635638
2024-08-29,Tablet,462.92339262191047,9,South,4166.310533597194
2024-08-30,Headphones,397.7023628003302,1,North,397.7023628003302
2024-08-31,Headphones,349.7569985157627,8,East,2798.0559881261015
2024-09-01,Headphones,457.83495606710676,5,East,2289.174780335534
2024-09-02,Laptop,769.6529790274284,3,South,2308.958937082285
2024-09-03,Phone,596.1264291900515,7,East,4172.88500433036
2024-09-04,Headphones,414.3231515325805,7,North,2900.2620607280633
2024-09-05,Phone,585.8874172034238,9,South,5272.986754830814
2024-09-06,Phone,709.9033154879003,7,North,4969.323208415302
2024-09-07,Tablet,638.6950524369154,3,North,1916.0851573107461
2024-09-08,Laptop,508.94455548802614,1,South,508.94455548802614
2024-09-09,Headphones,402.9594833441639,8,East,3223.6758667533113
2024-09-10,Tablet,604.7334970420385,3,North,1814.2004911261156
2024-09-11,Tablet,559.0228078132625,8,North,4472.1824625061
2024-09-12,Headphones,634.2789830041598,8,North,5074.231864033279
2024-09-13,Phone,595.2757702522954,5,North,2976.378851261477
2024-09-14,Tablet,657.4329072979003,1,South,657.4329072979003
2024-09-15,Phone,419.7147182659148,7,South,2938.003027861404
2024-09-16,Laptop,697.6091098451489,5,West,3488.0455492257443
2024-09-17,Phone,529.6399407038599,8,West,4237.119525630879
2024-09-18,Laptop,811.2891308937899,9,North,7301.602178044109
2024-09-19,Phone,396.62182728656484,7,East,2776.352791005954
2024-09-20,Tablet,760.3945704747874,7,North,5322.761993323512
2024-09-21,Tablet,529.6866175193971,1,East,529.6866175193971
2024-09-22,Laptop,402.2872994578328,4,North,1609.149197831331
2024-09-23,Headphones,427.41712489185176,2,West,854.8342497837035
2024-09-24,Laptop,451.94790377085195,2,West,903.8958075417039
2024-09-25,Laptop,563.6248919602874,2,East,1127.2497839205748
2024-09-26,Phone,578.425323205325,4,North,2313.7012928213
2024-09-27,Phone,413.94499940921315,1,East,413.94499940921315
2024-09-28,Laptop,496.34681116085255,4,West,1985.3872446434102
2024-09-29,Tablet,821.3405537917795,2,North,1642.681107583559
2024-09-30,Phone,759.1314755151068,5,North,3795.657377575534
2024-10-01,Headphones,565.4485504511048,3,East,1696.3456513533142
2024-10-02,Phone,505.70052172523003,8,South,4045.6041738018403
2024-10-03,Phone,518.0046990077392,4,East,2072.0187960309568
2024-10-04,Headphones,592.0276959095625,1,West,592.0276959095625
2024-10-05,Laptop,346.58111522023916,1,West,346.58111522023916
2024-10-06,Headphones,461.3935193864982,3,West,1384.1805581594947
2024-10-07,Laptop,249.71238891836157,9,West,2247.4115002652543
2024-10-08,Laptop,559.8834683907919,7,West,3919.1842787355436
2024-10-09,Laptop,597.0793909554111,2,South,1194.1587819108222
2024-10-10,Headphones,427.5220306550939,9,North,3847.6982758958447
2024-10-11,Laptop,736.0980144935049,2,East,1472.1960289870099
2024-10-12,Tablet,316.1351505496488,3,East,948.4054516489464
2024-10-13,Headphones,280.343767968527,2,West,560.687535937054
2024-10-14,Tablet,533.6677727839958,3,East,1601.0033183519874
2024-10-15,Laptop,657.0647453918232,6,West,3942.388472350939
2024-10-16,Phone,752.5891537186803,9,South,6773.302383468123
2024-10-17,Laptop,431.16736056965897,9,South,3880.5062451269305
2024-10-18,Tablet,661.8021250146944,7,North,4632.614875102861
2024-10-19,Tablet,494.2237295748939,3,South,1482.6711887246818
2024-10-20,Headphones,474.1059050088771,4,South,1896.4236200355083
2024-10-21,Phone,632.5489906230009,6,North,3795.2939437380055
2024-10-22,Headphones,597.848431762013,5,East,2989.242158810065
2024-10-23,Tablet,263.5411764523626,2,West,527.0823529047252
2024-10-24,Laptop,721.4810524588844,6,West,4328.886314753307
2024-10-25,Phone,707.0137031221177,3,East,2121.0411093663533
2024-10-26,Laptop,406.1655947735706,8,North,3249.324758188565
2024-10-27,Laptop,559.3705300156114,2,East,1118.7410600312228
2024-10-28,Phone,574.1045279424109,1,South,574.1045279424109
2024-10-29,Headphones,539.1010648735861,9,North,4851.909583862275
2024-10-30,Laptop,417.454226923187,3,North,1252.362680769561
2024-10-31,Tablet,399.25649480929224,1,North,399.25649480929224
2024-11-01,Laptop,496.1668893512832,7,West,3473.1682254589823
2024-11-02,Phone,675.9093528889047,5,East,3379.5467644445234
2024-11-03,Phone,581.5400231891649,5,North,2907.7001159458246
2024-11-04,Phone,444.40785018708414,1,North,444.40785018708414
2024-11-05,Headphones,615.7548065972517,9,North,5541.793259375265
2024-11-06,Laptop,72.71860690548868,7,East,509.0302483384208
2024-11-07,Headphones,672.3148550558155,8,West,5378.518840446524
2024-11-08,Headphones,239.04293318328507,9,South,2151.3863986495658
2024-11-09,Phone,445.63385878953017,6,West,2673.803152737181
2024-11-10,Phone,332.04951580607843,5,North,1660.2475790303922
2024-11-11,Headphones,305.79777864186417,6,West,1834.786671851185
2024-11-12,Laptop,674.124018106778,2,West,1348.248036213556
2024-11-13,Tablet,429.8448198032163,4,South,1719.3792792128652
2024-11-14,Headphones,551.9755822596073,3,East,1655.926746778822
2024-11-15,Laptop,492.9619131681224,7,East,3450.733392176857
2024-11-16,Phone,571.5561240834683,9,West,5144.005116751215
2024-11-17,Phone,511.5232836590383,5,West,2557.6164182951916
2024-11-18,Laptop,307.55116637171454,6,East,1845.3069982302873
2024-11-19,Tablet,649.440022917071,2,East,1298.880045834142
2024-11-20,Phone,425.9365125258031,3,South,1277.8095375774092
2024-11-21,Phone,266.51271520103734,3,North,799.5381456031121
2024-11-22,Phone,435.78272585511314,9,West,3922.0445326960185
2024-11-23,Laptop,725.1139685951466,7,East,5075.797780166026
2024-11-24,Headphones,627.533261317024,8,West,5020.266090536192
2024-11-25,Phone,447.7021798388211,9,West,4029.31961854939
2024-11-26,Headphones,447.6113443522357,6,East,2685.668066113414
2024-11-27,Tablet,451.7547423173926,4,South,1807.0189692695703
2024-11-28,Phone,811.5121975341261,1,West,811.5121975341261
2024-11-29,Phone,557.2903178347331,8,South,4458.3225426778645
2024-11-30,Tablet,564.5062470786604,7,East,3951.5437295506226
2024-12-01,Phone,654.5425181047763,2,North,1309.0850362095525
2024-12-02,Headphones,535.818373853977,8,North,4286.546990831816
2024-12-03,Laptop,461.14367812689454,5,West,2305.7183906344726
2024-12-04,Headphones,470.5475226372533,7,East,3293.832658460773
2024-12-05,Laptop,489.2598110878904,4,South,1957.0392443515616
2024-12-06,Laptop,494.41666452352376,5,West,2472.0833226176187
2024-12-07,Headphones,609.1444315455469,8,East,4873.155452364375
2024-12-08,Headphones,507.7918828710949,1,East,507.7918828710949
2024-12-09,Headphones,609.8960115823369,1,South,609.8960115823369
2024-12-10,Headphones,487.89251298371266,4,West,1951.5700519348507
2024-12-11,Tablet,511.7952785474136,3,East,1535.3858356422409
2024-12-12,Phone,200.26989732018387,2,East,400.53979464036775
2024-12-13,Laptop,637.4491512053722,3,East,1912.3474536161166
2024-12-14,Headphones,551.9732713846989,1,South,551.9732713846989
2024-12-15,Headphones,649.7015164789478,1,West,649.7015164789478
2024-12-16,Headphones,65.56169327094659,6,West,393.37015962567955
2024-12-17,Tablet,813.2562057171092,5,West,4066.2810285855458
2024-12-18,Headphones,479.06155577672394,8,West,3832.4924462137915
2024-12-19,Headphones,666.2274225106274,2,North,1332.4548450212549
2024-12-20,Headphones,344.01411093117036,4,North,1376.0564437246815
2024-12-21,Phone,591.9160857593854,8,West,4735.328686075083
2024-12-22,Tablet,341.9876655239516,6,South,2051.9259931437095
2024-12-23,Headphones,406.43465589562925,1,North,406.43465589562925
2024-12-24,Laptop,787.104703080018,4,East,3148.418812320072
2024-12-25,Laptop,471.397639885498,1,North,471.397639885498
2024-12-26,Laptop,532.6149309769585,2,East,1065.229861953917
2024-12-27,Tablet,630.5101596033131,5,West,3152.5507980165658
2024-12-28,Tablet,574.3522831958907,8,North,4594.818265567125
2024-12-29,Laptop,522.5628357715365,8,South,4180.502686172292
2024-12-30,Headphones,554.7441503699338,3,North,1664.2324511098013
2024-12-31,Tablet,860.5123377857412,4,North,3442.049351142965
2025-01-01,Laptop,491.3571804449622,6,North,2948.1430826697733
2025-01-02,Laptop,530.1648570072451,3,West,1590.4945710217353
2025-01-03,Headphones,657.5981594011419,2,South,1315.1963188022837
2025-01-04,Phone,665.8288899436976,6,North,3994.973339662186
2025-01-05,Tablet,678.0545458340571,5,South,3390.2727291702854
2025-01-06,Headphones,595.8095333043777,5,West,2979.0476665218885
2025-01-07,Laptop,328.5492630904275,5,East,1642.7463154521374
2025-01-08,Laptop,745.0147298451644,5,North,3725.073649225822
2025-01-09,Headphones,328.04819104719684,3,South,984.1445731415905
2025-01-10,Tablet,545.395319785855,7,South,3817.767238500985
2025-01-11,Phone,386.8586224970963,6,West,2321.1517349825776
2025-01-12,Phone,490.3792480110511,4,North,1961.5169920442045
2025-01-13,Laptop,549.314361545522,2,East,1098.628723091044
2025-01-14,Tablet,548.203582317541,9,South,4933.832240857869
2025-01-15,Phone,563.2881131352927,1,North,563.2881131352927
2025-01-16,Tablet,742.056690358797,4,East,2968.226761435188
2025-01-17,Tablet,568.030145227097,1,South,568.030145227097
2025-01-18,Laptop,463.37650470640267,6,South,2780.2590282384162
2025-01-19,Phone,644.6130752432537,4,East,2578.4523009730146
2025-01-20,Headphones,678.420573338696,5,East,3392.1028666934803
2025-01-21,Laptop,315.85882772945115,5,West,1579.2941386472557
2025-01-22,Phone,589.6100104774787,9,North,5306.490094297308
2025-01-23,Phone,605.1759113466347,1,North,605.1759113466347
2025-01-24,Phone,455.3654744960012,2,West,910.7309489920024
2025-01-25,Phone,706.3560219967429,6,South,4238.136131980457
2025-01-26,Phone,477.491661945121,5,East,2387.458309725605
2025-01-27,Tablet,518.8364680207313,7,East,3631.855276145119
2025-01-28,Laptop,474.0392263574196,3,East,1422.1176790722589
2025-01-29,Tablet,502.33685713722014,3,South,1507.0105714116603
2025-01-30,Headphones,335.55873696571973,2,East,671.1174739314395
2025-01-31,Phone,283.9923676108558,3,East,851.9771028325674
2025-02-01,Laptop,739.1757594837459,1,West,739.1757594837459
2025-02-02,Phone,372.9557977522508,5,South,1864.7789887612541
2025-02-03,Laptop,351.2911475815539,5,North,1756.4557379077696
2025-02-04,Tablet,176.9914829594428,7,West,1238.9403807160998
2025-02-05,Laptop,404.15573784657465,4,West,1616.6229513862986
2025-02-06,Headphones,301.53653098887526,3,North,904.6095929666258
2025-02-07,Headphones,746.3022740204553,1,West,746.3022740204553
2025-02-08,Laptop,651.4725634013951,8,South,5211.7805072111605
2025-02-09,Laptop,396.7774482233414,3,East,1190.3323446700242
2025-02-10,Laptop,837.8653708016463,2,South,1675.7307416032927
2025-02-11,Laptop,647.2648230487391,4,North,2589.0592921949565
2025-02-12,Headphones,451.27529247370666,3,North,1353.82587742112
2025-02-13,Phone,125.08914276896405,1,West,125.08914276896405
2025-02-14,Laptop,843.6413858886112,3,South,2530.9241576658337
2025-02-15,Laptop,291.56412998546057,2,South,583.1282599709211
2025-02-16,Headphones,253.19018795646622,8,North,2025.5215036517297
2025-02-17,Headphones,653.385564801446,6,South,3920.313388808676
2025-02-18,Tablet,865.9628609508909,9,North,7793.665748558018
2025-02-19,Laptop,707.6409227765778,8,South,5661.127382212622
2025-02-20,Tablet,584.5863680078539,3,South,1753.7591040235618
2025-02-21,Headphones,589.2131512497929,5,South,2946.065756248964
2025-02-22,Headphones,628.0123338170462,7,North,4396.086336719323
2025-02-23,Phone,613.8392884680147,5,West,3069.1964423400736
2025-02-24,Laptop,542.1787135954064,8,South,4337.429708763251
2025-02-25,Tablet,515.6301655927814,5,North,2578.150827963907
2025-02-26,Headphones,490.6110308150716,1,North,490.6110308150716
2025-02-27,Headphones,386.9053116699986,5,South,1934.526558349993
2025-02-28,Tablet,457.89873846998387,4,South,1831.5949538799355
2025-03-01,Phone,246.0564778706922,6,West,1476.338867224153
2025-03-02,Headphones,485.2490559807875,3,North,1455.7471679423625
2025-03-03,Laptop,351.7113339273624,5,North,1758.5566696368119
2025-03-04,Headphones,334.46160241763437,2,East,668.9232048352687
2025-03-05,Laptop,526.9841226730217,6,North,3161.90473603813
2025-03-06,Tablet,708.8003429516899,6,West,4252.80205771014
2025-03-07,Laptop,637.747490900347,5,East,3188.7374545017346
2025-03-08,Tablet,264.42490945652344,6,East,1586.5494567391406
2025-03-09,Laptop,351.55577951444934,7,East,2460.890456601145
2025-03-10,Tablet,641.1156781982324,5,South,3205.5783909911625
2025-03-11,Laptop,352.62689096925357,1,South,352.62689096925357
2025-03-12,Phone,466.30502750044633,8,North,3730.4402200035706
2025-03-13,Laptop,582.5078148536828,4,East,2330.0312594147313
2025-03-14,Laptop,354.7483317704547,9,West,3192.734985934092
2025-03-15,Phone,515.806325921894,6,South,3094.837955531364
2025-03-16,Headphones,299.8961757622693,1,West,299.8961757622693
2025-03-17,Headphones,409.79485340731793,3,West,1229.3845602219537
2025-03-18,Laptop,547.9672901213805,3,South,1643.9018703641416
2025-03-19,Phone,261.0509399702496,4,South,1044.2037598809984
2025-03-20,Laptop,566.0712106940598,6,South,3396.427264164359
2025-03-21,Tablet,497.05433016099784,7,South,3479.380311126985
2025-03-22,Tablet,582.8734931625721,4,East,2331.4939726502885
2025-03-23,Laptop,533.5871201096992,6,East,3201.522720658195
2025-03-24,Headphones,704.6210644960767,1,East,704.6210644960767
2025-03-25,Headphones,518.7836753971861,8,East,4150.269403177489
2025-03-26,Laptop,435.5891688312121,7,North,3049.1241818184844
2025-03-27,Laptop,518.3446254548426,9,East,4665.101629093583
2025-03-28,Tablet,581.4947043554582,3,South,1744.4841130663747
2025-03-29,Headphones,507.32901054885565,2,West,1014.6580210977113
2025-03-30,Laptop,506.0887536805824,1,East,506.0887536805824
2025-03-31,Tablet,394.7012468289867,3,North,1184.10374048696
2025-04-01,Headphones,400.56486236735776,5,South,2002.8243118367889
2025-04-02,Phone,289.60920923004596,2,West,579.2184184600919
2025-04-03,Tablet,762.436511478041,3,West,2287.3095344341227
2025-04-04,Headphones,313.42051469130723,4,East,1253.682058765229
2025-04-05,Headphones,396.0642203306139,7,West,2772.4495423142976
2025-04-06,Tablet,392.2389101646204,3,East,1176.7167304938612
2025-04-07,Phone,634.2386565416662,9,East,5708.147908874996
2025-04-08,Tablet,455.75754825619583,8,South,3646.0603860495667
2025-04-09,Headphones,687.16131090106,4,South,2748.64524360424
2025-04-10,Laptop,398.97640636341976,1,North,398.97640636341976
2025-04-11,Laptop,541.8491243335703,1,South,541.8491243335703
2025-04-12,Tablet,374.6979420110364,1,South,374.6979420110364
2025-04-13,Headphones,821.7723691660083,1,East,821.7723691660083
2025-04-14,Laptop,321.8602371455731,8,South,2574.8818971645846
2025-04-15,Headphones,546.4731065340541,3,East,1639.4193196021622
2025-04-16,Tablet,595.0665321398147,6,East,3570.3991928388887
2025-04-17,Laptop,562.0698646177248,3,South,1686.2095938531743
2025-04-18,Headphones,472.20685116834375,5,North,2361.0342558417187
2025-04-19,Laptop,480.5268950399861,7,North,3363.6882652799027
2025-04-20,Tablet,506.57172079686643,2,West,1013.1434415937329
2025-04-21,Headphones,477.9496997557267,6,West,2867.6981985343605
2025-04-22,Laptop,644.5818675192364,6,South,3867.491205115419
2025-04-23,Tablet,831.5784502387028,3,North,2494.7353507161083
2025-04-24,Laptop,416.376232248825,6,East,2498.2573934929496
2025-04-25,Laptop,294.52955306313834,5,West,1472.6477653156917
2025-04-26,Phone,486.75769274731175,2,East,973.5153854946235
2025-04-27,Phone,886.9564006481478,9,West,7982.60760583333
2025-04-28,Tablet,379.44881480454035,8,South,3035.590518436323
2025-04-29,Phone,745.8675208166101,3,North,2237.60256244983
2025-04-30,Tablet,751.6551221114661,8,West,6013.240976891729
2025-05-01,Phone,416.9617637438008,9,North,3752.6558736942075
2025-05-02,Laptop,585.3474618777913,3,East,1756.0423856333737
2025-05-03,Tablet,744.2594934692806,3,South,2232.778480407842
2025-05-04,Tablet,443.13083885187694,2,North,886.2616777037539
2025-05-05,Laptop,469.4629459846457,8,South,3755.703567877166
2025-05-06,Tablet,412.74786290770345,1,North,412.74786290770345
2025-05-07,Tablet,347.78649039607,8,East,2782.29192316856
2025-05-08,Phone,402.6083682400989,7,East,2818.2585776806923
2025-05-09,Tablet,316.4089599856615,7,South,2214.8627198996305
2025-05-10,Headphones,505.1125202388839,3,East,1515.3375607166518
2025-05-11,Laptop,384.50401534120374,1,West,384.50401534120374
2025-05-12,Phone,535.0678867686122,4,North,2140.271547074449
2025-05-13,Phone,266.6156530694559,9,East,2399.5408776251033
2025-05-14,Headphones,549.6320348321685,5,West,2748.160174160843
2025-05-15,Laptop,625.0293442413387,1,South,625.0293442413387
2025-05-16,Laptop,200.93965361428167,5,West,1004.6982680714084
2025-05-17,Phone,556.1084854771358,8,South,4448.867883817086
2025-05-18,Tablet,684.1503488709939,8,South,5473.202790967951
2025-05-19,Phone,318.5538471963192,5,North,1592.769235981596
2025-05-20,Laptop,750.8858580256555,9,North,6757.972722230899
2025-05-21,Headphones,562.8528514049068,1,West,562.8528514049068
2025-05-22,Phone,394.24822163623867,4,North,1576.9928865449547
2025-05-23,Laptop,491.6346383513441,3,North,1474.9039150540323
2025-05-24,Phone,583.7490368782584,2,North,1167.4980737565168
2025-05-25,Tablet,511.4008087118617,8,West,4091.2064696948937
2025-05-26,Phone,580.8133988669554,7,East,4065.693792068688
2025-05-27,Phone,361.8989610380951,9,North,3257.0906493428556
2025-05-28,Laptop,525.4041236054117,2,North,1050.8082472108233
2025-05-29,Laptop,287.94282546425296,4,West,1151.7713018570118
2025-05-30,Laptop,483.3160907976949,6,East,2899.8965447861697
2025-05-31,Phone,364.41385378028156,3,North,1093.2415613408448
2025-06-01,Tablet,389.670508611535,8,South,3117.36406889228
2025-06-02,Headphones,685.4139762815656,3,West,2056.2419288446968
2025-06-03,Headphones,663.6965180891403,2,North,1327.3930361782807
2025-06-04,Laptop,591.3707181360766,3,North,1774.1121544082298
2025-06-05,Laptop,336.1530852991132,6,South,2016.918511794679
2025-06-06,Phone,452.5387325457797,2,South,905.0774650915594
2025-06-07,Headphones,681.9646549968775,8,West,5455.71723997502
2025-06-08,Laptop,521.2575370459857,1,West,521.2575370459857
2025-06-09,Tablet,847.8994309972541,7,South,5935.296016980778
2025-06-10,Tablet,558.9976759091558,2,West,1117.9953518183115
2025-06-11,Laptop,528.8073674735048,6,South,3172.844204841029
2025-06-12,Laptop,453.6325303696248,2,North,907.2650607392496
2025-06-13,Headphones,520.0311357173423,2,South,1040.0622714346846
2025-06-14,Headphones,477.12952454291843,8,South,3817.0361963433475
2025-06-15,Phone,606.2163015032886,2,East,1212.4326030065772
2025-06-16,Headphones,643.5053475191876,7,South,4504.5374326343135
2025-06-17,Tablet,382.10158092380755,3,South,1146.3047427714228
2025-06-18,Tablet,300.31505696633326,8,East,2402.520455730666
2025-06-19,Laptop,224.56919403450553,7,West,1571.9843582415388
2025-06-20,Headphones,576.1986990368815,8,East,4609.589592295052
2025-06-21,Phone,334.49500907391894,7,North,2341.4650635174326
2025-06-22,Tablet,177.0664110571276,6,East,1062.3984663427655
2025-06-23,Tablet,558.2867906796446,7,North,3908.007534757512
2025-06-24,Phone,873.9499276149186,5,West,4369.749638074592
2025-06-25,Phone,499.089363269016,7,East,3493.6255428831123
2025-06-26,Tablet,625.7736161677462,1,East,625.7736161677462
2025-06-27,Tablet,512.2744037821348,1,West,512.2744037821348
2025-06-28,Phone,485.1665520213286,9,North,4366.498968191957
2025-06-29,Tablet,637.8614724481653,5,East,3189.3073622408265
2025-06-30,Laptop,456.4588183717023,5,North,2282.2940918585114
2025-07-01,Laptop,540.1088471107854,3,East,1620.326541332356
2025-07-02,Phone,548.2546709294021,5,South,2741.2733546470104
2025-07-03,Headphones,399.78643195354266,3,East,1199.359295860628
2025-07-04,Phone,648.8063524304785,9,West,5839.257171874306
2025-07-05,Phone,473.7560364956887,9,West,4263.804328461199
2025-07-06,Headphones,386.6382260760733,6,North,2319.8293564564397
2025-07-07,Headphones,580.4764765355606,1,East,580.4764765355606
2025-07-08,Headphones,365.2298027313444,7,North,2556.608619119411
2025-07-09,Laptop,504.2271736053692,7,North,3529.5902152375847
2025-07-10,Tablet,498.6321505033695,4,South,1994.528602013478
2025-07-11,Laptop,662.8843348747367,8,South,5303.074678997894
2025-07-12,Tablet,571.2047349319929,6,West,3427.2284095919576
2025-07-13,Laptop,496.24595618822843,4,North,1984.9838247529137
2025-07-14,Tablet,622.6649448800431,4,West,2490.6597795201724
2025-07-15,Laptop,708.5311323525971,2,East,1417.0622647051941
2025-07-16,Headphones,583.6715459527793,2,North,1167.3430919055586
2025-07-17,Phone,501.5528929765071,4,North,2006.2115719060284
2025-07-18,Laptop,303.224565147476,5,East,1516.12282573738
2025-07-19,Tablet,340.2329505386941,8,East,2721.863604309553
2025-07-20,Headphones,454.2162943467998,6,West,2725.297766080799
2025-07-21,Laptop,408.5731696761075,4,West,1634.29267870443
2025-07-22,Laptop,471.9543045521831,7,East,3303.6801318652815
2025-07-23,Headphones,508.49748873456605,8,West,4067.9799098765284
2025-07-24,Laptop,579.4539131535096,2,East,1158.9078263070191
2025-07-25,Phone,489.4251832911363,7,North,3425.976283037954
2025-07-26,Laptop,572.9752465739302,2,North,1145.9504931478605
2025-07-27,Phone,509.67116222151805,2,South,1019.3423244430361
2025-07-28,Phone,203.68001504691932,8,North,1629.4401203753546
2025-07-29,Headphones,359.0996909271869,2,East,718.1993818543738
2025-07-30,Laptop,478.3868666417577,9,West,4305.481799775819
2025-07-31,Headphones,318.5457885738339,1,South,318.5457885738339
2025-08-01,Laptop,589.9893094994306,9,West,5309.903785494876
2025-08-02,Laptop,729.6126248515546,1,East,729.6126248515546
2025-08-03,Tablet,682.8142777545975,2,North,1365.628555509195
2025-08-04,Laptop,467.9835693604688,6,South,2807.901416162813
2025-08-05,Headphones,723.6089205274928,6,East,4341.653523164957
2025-08-06,Phone,522.3001185803167,1,South,522.3001185803167
2025-08-07,Laptop,449.4371043322941,7,South,3146.059730326059
2025-08-08,Tablet,407.98960046885907,8,North,3263.9168037508725
2025-08-09,Headphones,454.62954702678076,2,East,909.2590940535615
2025-08-10,Laptop,441.7734772188157,8,West,3534.1878177505255
2025-08-11,Headphones,525.5624333563231,9,South,4730.061900206908
2025-08-12,Tablet,524.0860971574797,6,South,3144.516582944878
2025-08-13,Tablet,500.45690302301216,5,West,2502.284515115061
2025-08-14,Headphones,565.5407254619524,9,East,5089.866529157572
2025-08-15,Laptop,678.5969412179512,9,South,6107.372470961561
2025-08-16,Phone,642.4331203161986,1,South,642.4331203161986
2025-08-17,Tablet,277.26530473251444,3,South,831.7959141975433
2025-08-18,Laptop,116.9118297647068,9,East,1052.2064678823613
2025-08-19,Laptop,640.147986685891,2,East,1280.295973371782
2025-08-20,Phone,294.9681952376868,4,West,1179.8727809507473
2025-08-21,Tablet,466.2851897160975,4,East,1865.14075886439
2025-08-22,Tablet,324.48304609109607,2,East,648.9660921821921
2025-08-23,Laptop,229.70293436299704,3,North,689.1088030889912
2025-08-24,Laptop,581.2194092307182,3,West,1743.6582276921545
2025-08-25,Phone,613.873274045397,1,South,613.873274045397
2025-08-26,Phone,413.5234398909921,6,East,2481.140639345953
2025-08-27,Tablet,111.34365617826353,8,South,890.7492494261082
2025-08-28,Headphones,418.0633327621276,3,South,1254.1899982863827
2025-08-29,Tablet,558.770600810382,5,North,2793.85300405191
2025-08-30,Laptop,278.1632646838807,1,East,278.1632646838807
2025-08-31,Tablet,527.5039879668733,7,West,3692.527915768113
2025-09-01,Headphones,497.70352262405066,1,East,497.70352262405066
2025-09-02,Phone,586.8937249401632,9,South,5282.043524461469
2025-09-03,Headphones,517.937055262123,8,West,4143.496442096984
2025-09-04,Headphones,354.03965886776666,7,East,2478.2776120743665
2025-09-05,Headphones,679.4857252496737,7,South,4756.4000767477155
2025-09-06,Phone,476.2205640459545,5,South,2381.1028202297725
2025-09-07,Headphones,495.90431907351024,5,North,2479.521595367551
2025-09-08,Headphones,360.0098061390206,5,North,1800.049030695103
2025-09-09,Headphones,433.5076623212735,1,North,433.5076623212735
2025-09-10,Laptop,367.27959289596487,8,South,2938.236743167719
2025-09-11,Headphones,474.05809101148657,1,East,474.05809101148657
2025-09-12,Phone,756.7562720213515,4,North,3027.025088085406
2025-09-13,Headphones,294.21482856029655,9,East,2647.933457042669
2025-09-14,Headphones,257.96579031848887,9,North,2321.6921128664
2025-09-15,Phone,720.6755491240413,5,West,3603.377745620206
2025-09-16,Headphones,468.6014484272201,4,West,1874.4057937088803
2025-09-17,Phone,399.6390892010125,3,North,1198.9172676030375
2025-09-18,Headphones,655.9857031094115,3,South,1967.9571093282343
2025-09-19,Phone,409.15766903947036,5,North,2045.7883451973519
2025-09-20,Headphones,773.9014570320404,1,North,773.9014570320404
2025-09-21,Headphones,601.6888807008904,5,South,3008.444403504452
2025-09-22,Laptop,426.8132887781446,6,West,2560.8797326688677
2025-09-23,Laptop,823.5962319898256,7,East,5765.173623928779
2025-09-24,Headphones,409.14276154949926,9,North,3682.2848539454935
2025-09-25,Headphones,611.314305801396,3,South,1833.942917404188
2025-09-26,Tablet,544.8938870609738,2,North,1089.7877741219477
